{"packages/cupertino_icons/assets/CupertinoIcons.ttf":["packages/cupertino_icons/assets/CupertinoIcons.ttf"],"assets/fonts/Montserrat/Montserrat-Bold.ttf":["assets/fonts/Montserrat/Montserrat-Bold.ttf"],"assets/fonts/Montserrat/Montserrat-Italic.ttf":["assets/fonts/Montserrat/Montserrat-Italic.ttf"],"assets/fonts/Montserrat/Montserrat-Light.ttf":["assets/fonts/Montserrat/Montserrat-Light.ttf"],"assets/fonts/Montserrat/Montserrat-Medium.ttf":["assets/fonts/Montserrat/Montserrat-Medium.ttf"],"assets/fonts/Montserrat/Montserrat-Regular.ttf":["assets/fonts/Montserrat/Montserrat-Regular.ttf"],"assets/fonts/Montserrat/Montserrat-SemiBold.ttf":["assets/fonts/Montserrat/Montserrat-SemiBold.ttf"],"packages/font_awesome_flutter/lib/fonts/fa-brands-400.ttf":["packages/font_awesome_flutter/lib/fonts/fa-brands-400.ttf"],"packages/font_awesome_flutter/lib/fonts/fa-regular-400.ttf":["packages/font_awesome_flutter/lib/fonts/fa-regular-400.ttf"],"packages/font_awesome_flutter/lib/fonts/fa-solid-900.ttf":["packages/font_awesome_flutter/lib/fonts/fa-solid-900.ttf"]}